distance	time	velocity	ink_visco_cp	surface_tension_dyne_cm	ink _density	line_width	overspray	roughness
900	88.40324176051337	10.383171512866577	6.9	32.3	1614	287	71	118
900	87.53308578634629	10.557281796197955	6.9	32.3	1614	287	106	91
900	103.37649456605507	8.792313664235962	6.9	32.3	1614	290	120	134
900	68.4762881311239	13.540641074266418	6.9	32.3	1614	290	106	120
900	85.07015435788013	11.282972198015237	6.9	32.3	1614	294	104	133
900	98.22494217492125	9.195621101102494	6.9	32.3	1614	295	82	131
900	88.43737011025149	10.243070281654798	6.9	32.3	1614	288	59	111
900	85.0470147057076	10.663700375511878	6.9	32.3	1614	288	54	106
900	88.58212229834717	10.22511136018506	6.9	32.3	1614	288	61	121
900	80.54601359848789	11.59022883653715	6.9	32.3	1614	287	81	118
911	65.74243925917459	13.997395532787333	6.887185598114268	32.329906542691255	1613	288	4050	142
880	61.8843287659799	13.708366105346215	6.90381849216281	32.27274201636798	1614	289	3993	141
898	64.8743646135254	14.005090796389831	6.897399167525844	32.3026181025658	1612	288	3884	142
904	63.27818812017359	14.203598924270771	6.924797493021141	32.308301024451346	1614	287	4025	140
873	67.27370163926079	14.385778894098712	6.914072452727397	32.300891616880065	1619	287	4164	141
924	92.73203391311554	9.585293176289643	6.905793485732314	32.287568392765365	1609	286	137	85
900	79.27160495443756	11.812825996746671	6.9	32.3	1614	287	105	100
900	78.12370434624214	11.987278976878217	6.9	32.3	1614	287	105	101
900	82.88551272306405	11.263599891580169	6.9	32.3	1614	287	105	96
868	95.45652623016115	9.755241897064742	6.91256594813775	32.293111519881386	1612	287	200	86
900	79.7983528817019	11.279037185034925	6.9	32.3	1614	303	10	136
900	90.36819928899044	10.036125348602264	6.9	32.3	1614	289	31	118
900	78.74137408631498	11.431242131570643	6.9	32.3	1614	303	33	131
900	78.0	11.538	6.9	32.3	1614	289	48	120
900	91.96719167245297	9.805137086504335	6.9	32.3	1614	288	64	119
900	94.67990192595089	9.50629182460526	6.9	32.3	1614	305	27	121
900	86.55064994691725	10.499691665198043	6.9	32.3	1614	289	36	120
900	93.9572136088568	9.5799103287804	6.9	32.3	1614	305	35	136
900	93.35618156879312	9.640791331656784	6.9	32.3	1614	288	58	118
900	93.98036303701298	9.577338357811636	6.9	32.3	1614	288	45	117
900	82.2779320058453	11.013008998520174	6.9	32.3	1614	288	61	92
900	84.61395738921046	10.7263302238647	6.9	32.3	1614	288	70	90
900	84.5234440127809	10.737438092824314	6.9	32.3	1614	288	70	90
900	85.37999544717289	10.622388564854084	6.9	32.3	1614	288	55	106
900	78.0	11.538	6.9	32.3	1614	289	45	101
886	108.51664028261456	8.29805981407556	6.893490426763996	32.31667976590238	1612	293	145	122
870	106.17528105670173	8.252070755520867	6.905512743819386	32.33054359129025	1611	294	303	122
900	107.49209017325036	8.372890173121181	6.9	32.3	1614	300	181	126
900	95.08960504412775	9.488428847477431	6.9	32.3	1614	298	201	110
882	110.45474841103913	8.02197037438288	6.876993977114789	32.30851076097337	1613	293	286	120
257	31.85518675345991	8.163515809547528	6.311294283756097	30.93742398798047	1514	293	0	161
270	34.52908450341297	7.759652148660266	6.3066785083425865	30.87236320817383	1512	296	0	164
272	34.0	8.02466354857643	6.3	30.9	1517	307	11	164
284	35.40089865768223	8.018983358610978	6.580179731536446	31.55375270691837	1562	306	98	156
274	33.69682527224569	8.158376279799842	6.3	30.9	1517	299	25	161
929	61.744884398206594	14.805305961350005	6.248300258857658	30.9531663102342	1519	292	0	142
903	63.17622229009597	14.956569186418829	6.298821640402243	30.889009559465975	1518	298	116	145
903	61.280710339121015	15.0417192620096	6.280350413061514	30.8822729819876	1519	294	0	143
896	61.60919333763777	14.630868125452958	6.27521145382237	30.917412179424577	1518	294	25	141
900	65.97298217303133	13.659115091570936	6.3	30.9	1517	295	39	132
900	104.44793318308129	8.62176901024888	6.9	32.3	1614	291	120	132
900	105.0	8.571428571	6.9	32.3	1614	298	107	145
891	101.87215108712651	8.6445637990916	6.898867741715098	32.32710083556068	1609	294	200	133
900	91.97206456025184	10.343936795557306	6.9	32.3	1614	290	115	129
900	99.84680977108934	9.0413243367051	6.9	32.3	1614	291	114	111
889	82.99918798771964	10.362305252243804	6.307822116415569	30.866808754343406	1521	295	1104	111
894	87.13951002790286	10.62485862661727	6.318645562982223	30.905402922718576	1516	298	1266	111
913	85.38905839003382	10.490504338151819	6.279048619135105	30.911189380029512	1512	296	1223	113
911	83.93123356629243	10.538042659625471	6.260091748057529	30.91146251152118	1514	296	1249	109
925	84.30786205415717	10.52789795600365	6.3125921781904415	30.86484102750411	1513	296	1409	115
891	63.80583555654456	13.336222026987476	6.303333882589523	30.8630106908077	1515	298	153	127
907	66.80639733107031	13.490007960398973	6.279966610137086	30.957469727306503	1518	298	164	129
912	64.92853269944351	13.485850928396003	6.289927122887206	30.894698318671978	1520	297	33	130
903	64.85874440032389	13.08485261930278	6.302342210687285	30.883988149650424	1519	293	79	128
915	65.73647488859683	13.266209268584234	6.293612196337877	30.928070729814735	1518	301	36	128
899	104.33722497378643	8.763420907827987	6.9238052061537365	32.161077958238685	1611	305	144	145
900	74.2535480365379	12.754619317779309	6.9	32.3	1614	294	104	125
900	93.28386279496367	9.65084745034434	6.9	32.3	1614	295	66	119
939	102.87129963881885	8.533691572287935	6.924672540823038	32.36580647486108	1616	303	54	143
895	106.50943931670996	8.872215899522017	6.893893886667855	32.2448767389082	1611	303	34	148
900	62.4319525524709	14.436240123141951	6.9	32.3	1614	307	232	141
900	77.29972076575677	12.051453513316392	6.9	32.3	1614	303	215	131
900	66.4415156275199	13.564674963548692	6.9	32.3	1614	303	267	152
900	67.17280161666719	13.415565750361559	6.9	32.3	1614	303	279	152
900	66.11620092294247	13.7425099410991	6.9	32.3	1614	303	225	148
900	67.55878259133891	13.361687367702856	6.9	32.3	1614	308	300	146
900	69.0	13.043	6.370871421223093	31.06536664952055	1528	312	259	161
900	81.73309380420785	11.257406080899525	6.9	32.3	1614	457	252	128
900	66.56146402425026	13.540217485455374	6.9	32.3	1614	303	269	152
900	66.06173249314341	13.642112744648058	6.9	32.3	1614	303	261	152
908	92.72528463928587	9.542511162484862	6.890380772703896	32.233430096282895	1612	302	309	109
900	100.72347148590232	8.985352017298874	6.9	32.3	1614	306	180	119
900	101.47248930693219	8.911140550976038	6.9	32.3	1614	298	201	116
900	85.87639870060092	10.845861339949357	6.9	32.3	1614	308	209	109
900	91.54346026278056	9.916326911751927	6.9	32.3	1614	308	202	108
300	33.56736143528582	8.943191924578757	6.3	30.9	1517	314	28	165
300	33.5455958758478	8.983346005060168	6.485471505101736	31.332766845237384	1546	313	131	145
300	34.43817944645077	8.757165328269377	6.592581533574092	31.582690245006212	1564	313	148	145
285	32.98358206262826	8.669771661095538	6.3	30.9	1517	299	57	154
292	32.23744817849367	9.467267513373397	6.291236533034351	30.889325556869974	1519	311	287	146
900	107.19055184322438	8.397575250178718	6.9	32.3	1614	305	145	135
900	107.86124412818195	8.344139865081702	6.9	32.3	1614	300	166	129
900	106.94695786326248	8.416908105723516	6.9	32.3	1614	301	146	132
900	107.69402497980604	8.357163163252238	6.9	32.3	1614	300	173	128
900	107.13728012290349	8.400523354634478	6.9	32.3	1614	300	195	123
900	61.15928443496394	14.739577333827377	6.9	32.3	1614	307	236	132
900	65.66056553200437	13.781428202314324	6.9	32.3	1614	308	287	140
900	81.04064477005855	11.639041317863928	6.9	32.3	1614	308	215	111
900	84.69469359875376	11.625043277724135	6.9	32.3	1614	309	200	124
900	87.72368954298081	10.542861201686256	6.9	32.3	1614	308	207	109
900	78.04292274713588	11.531819124412433	6.9	32.3	1614	303	44	95
900	79.1770573480522	11.368503741880483	6.9	32.3	1614	328	31	144
900	79.69480969943612	11.2939474032812	6.9	32.3	1614	303	11	131
900	79.95309241693171	11.256754691961834	6.9	32.3	1614	303	7	137
900	85.49270065577015	10.599548606726989	6.9	32.3	1614	303	12	129
900	65.26005685622246	13.869990174200073	6.524396588626653	31.423592040128852	1553	316	249	145
914	68.78386785215811	13.213985028770225	6.298393354136961	30.856870283494835	1513	319	323	165
905	68.82231409690655	12.756338058756842	6.304547765438274	30.90578865742875	1518	323	147	165
897	70.63373373401346	13.109300461805885	6.313363947928424	30.908274328118324	1521	320	364	162
900	67.96122296506643	13.272698251564073	6.362326622096014	31.0454287848907	1527	316	251	158
300	35.67214505936755	8.424914712497612	6.63442901187351	31.680334361038188	1571	321	113	157
314	35.278111315274934	7.7777590369480825	6.900584974022226	32.40622744361262	1616	321	213	148
296	35.93353278086193	8.143981576524954	6.907801514763836	32.333245854422884	1618	322	216	144
300	33.69406923240521	8.94572285650852	6.503288307888626	31.37433938507346	1549	313	134	145
300	35.17211288334384	8.57118659536067	6.6806535460012615	31.788191607336273	1578	313	162	146
900	82.63169188763314	10.963490914684417	6.9	32.3	1614	305	49	136
900	81.3450563873257	11.123083521953879	6.9	32.3	1614	305	49	133
900	90.75393763293656	9.949120447762066	6.9	32.3	1614	320	39	153
900	93.0	9.67715959471454	6.9	32.3	1614	304	58	133
900	94.63813061746667	9.510546966379808	6.9	32.3	1614	305	28	122
300	33.16095506083704	9.055156880739396	6.3	30.9	1517	314	47	160
285	34.0	8.403119319750864	6.3	30.9	1517	307	9	167
300	32.64737174528026	9.196649084175288	6.3	30.9	1517	314	71	153
300	34.18671086565701	8.779438340063194	6.337342173131402	30.987131737306605	1523	321	19	169
300	34.95867708470658	8.595195735783363	6.491735416941316	31.347382639529737	1547	321	68	163
900	78.0	11.538	6.9	32.3	1614	312	65	150
901	75.44349207847452	11.216241222941486	6.928511578801275	32.30840261294522	1612	335	152	154
900	88.86374475223064	10.344367600225329	6.9	32.3	1614	319	82	150
900	91.47485297065867	9.866596624571448	6.9	32.3	1614	330	49	156
885	74.7381273230863	11.685275000014757	6.871914534657164	32.27266894326663	1608	337	30	151
912	68.05899522761617	13.796536583864286	6.895451713044776	32.228425017691755	1611	338	4812	124
900	64.5430270317394	13.94716246189855	6.9	32.3	1614	311	4193	137
901	63.651739141531756	13.583503288334816	6.878720220735814	32.2003904664379	1614	337	4695	127
900	65.32262774368859	13.780859456898845	6.9	32.3	1614	311	4497	131
892	67.20771006659561	13.724253598834569	6.903587783916184	32.287134582324185	1611	342	4770	124
929	91.01874030322685	10.434609251974095	6.280136526740575	30.81859468737377	1513	389	59	191
895	85.83347572923033	10.30114238627328	6.300299807557272	30.801345512615832	1518	389	107	193
878	89.98295206188708	10.194678097584475	6.294110666073841	30.863900316752986	1515	391	110	192
911	89.16124049338346	10.004952991567631	6.3031324548135235	30.878703672752565	1515	389	56	189
885	87.52040270149158	10.0207011033616	6.319962396683096	30.92686098542962	1516	392	0	191
900	76.6597635409606	12.427243058404096	6.9	32.3	1614	290	109	123
282	35.286252121691334	8.012601368107484	6.557250424338267	31.500250990122623	1558	306	91	156
898	69.79618356091552	13.154823992964484	6.30031195720232	30.91326994008091	1514	322	265	164
900	86.0800919742817	10.514505003186521	6.9	32.3	1614	320	25	146
908	90.97909093919114	9.984882054470413	6.274309742750893	30.843453938298566	1522	392	1	190
905	85.35322439812938	10.839023504699597	6.303157428140248	30.930196352916266	1517	294	1395	110
296	32.21728094410005	9.219209563080268	6.3	30.9	1517	299	92	147
876	62.97329528337818	13.528236305539975	6.932477700523756	32.22766307477402	1607	338	4763	127
900	88.27544048796815	10.263160350126086	6.9	32.3	1614	288	59	111
900	104.54646038884144	8.63312085700931	6.9	32.3	1614	298	201	119
900	93.8683025834596	9.58797127331844	6.9	32.3	1614	432	101	89
900	88.903037542511	10.617037061071525	6.9	32.3	1614	298	252	136
900	64.47504320656708	13.965638690180972	6.9	32.3	1614	303	234	152
891	100.61158844878004	8.928463856746697	6.907044739318165	32.36619546806442	1614	301	0	146
900	107.02267347004748	8.420907394855929	6.9	32.3	1614	306	163	129
293	34.44601871430661	8.369793903206473	6.32224649746228	30.926431524721597	1515	296	149	162
270	34.0	7.941	6.3	30.9	1517	294	12	164
300	38.0	7.895	6.3	30.9	1517	218	11	103
300	41.0	7.317	6.3	30.9	1517	190	91	90
300	40.0	7.5	6.9	32.3	1614	180	0	62
300	38.0	7.895	6.9	32.3	1614	178	80	82
300	43.0	6.977	6.3	30.9	1517	185	24	145
300	43.0	6.977	6.3	30.9	1517	213	50	161
300	34.0	8.824	6.3	30.9	1517	323	8	171
300	32.0	9.375	6.9	32.3	1614	183	107	84
300	32.0	9.375	6.3	30.9	1517	306	102	145
300	31.0	9.677	6.3	30.9	1517	267	80	139
300	34.0	8.824	6.9	32.3	1614	219	213	185
300	32.0	9.375	6.9	32.3	1614	224	215	128
300	34.0	8.824	6.3	30.9	1517	226	27	95
300	31.0	9.677	6.3	30.9	1517	218	187	117
900	96.0	9.375	6.3	30.9	1517	224	47	84
900	89.0	10.112	6.3	30.9	1517	391	21	192
900	85.0	10.588	6.3	30.9	1517	296	1272	111
900	84.0	10.714	6.3	30.9	1517	233	395	68
900	86.0	10.465	6.3	30.9	1517	193	45	76
900	83.0	10.843	6.3	30.9	1517	194	79	83
900	84.0	10.714	6.3	30.9	1517	185	0	84
900	84.0	10.714	6.3	30.9	1517	179	1	99
900	87.0	10.345	6.3	30.9	1517	191	32	86
900	73.0	12.329	6.3	30.9	1517	238	89	79
900	81.0	11.111	6.9	32.3	1614	269	498	80
900	82.0	10.976	6.9	32.3	1614	280	43	133
900	78.0	11.538	6.3	30.9	1517	237	24	85
900	80.0	11.25	6.3	30.9	1517	207	29	85
900	79.0	11.392	6.3	30.9	1517	191	91	85
900	76.0	11.842	6.3	30.9	1517	191	1041	91
900	99.0	9.091	6.3	30.9	1517	177	10	63
900	79.0	11.392	6.3	30.9	1517	203	101	74
900	67.0	13.433	6.3	30.9	1517	298	41	130
900	69.0	13.043	6.3	30.9	1517	321	253	163
900	66.0	13.636	6.3	30.9	1517	268	3	91
900	66.0	13.636	6.3	30.9	1517	241	798	97
900	66.0	13.636	6.3	30.9	1517	254	3	123
900	66.0	13.636	6.3	30.9	1517	214	7	65
900	67.0	13.433	6.3	30.9	1517	231	326	108
900	67.0	13.433	6.3	30.9	1517	202	10	112
900	65.0	13.846	6.3	30.9	1517	232	16	103
900	61.0	14.754	6.3	30.9	1517	294	32	143
900	60.0	15.0	6.3	30.9	1517	278	91	123
900	67.0	13.433	6.9	32.3	1614	278	91	123
900	59.0	15.254	6.3	30.9	1517	260	19	142
900	61.0	14.754	6.3	30.9	1517	245	51	147
900	61.0	14.754	6.3	30.9	1517	253	10	167
900	61.0	14.754	6.3	30.9	1517	229	7	72
900	63.0	14.286	6.3	30.9	1517	226	90	72
300	44.0	6.818	6.9	32.3	1614	261	1450	132
300	44.0	6.818	6.9	32.3	1614	248	350	99
300	44.0	6.818	6.9	32.3	1614	220	310	44
300	45.0	6.667	6.9	32.3	1614	238	3383	137
300	42.0	7.143	6.9	32.3	1614	184	389	64
300	44.0	6.818	6.9	32.3	1614	183	12	75
300	44.0	6.818	6.9	32.3	1614	183	124	49
300	44.0	6.818	6.9	32.3	1614	203	28	66
300	44.0	6.818	6.9	32.3	1614	183	32	68
300	45.0	6.667	6.9	32.3	1614	167	153	58
300	37.0	8.108	6.9	32.3	1614	321	198	147
300	37.0	8.108	6.9	32.3	1614	274	283	149
300	38.0	7.895	6.9	32.3	1614	240	275	120
300	35.0	8.571	6.9	32.3	1614	232	168	99
300	38.0	7.895	6.9	32.3	1614	204	59	77
300	36.0	8.333	6.9	32.3	1614	193	41	71
300	38.0	7.895	6.9	32.3	1614	189	8	71
300	36.0	8.333	6.9	32.3	1614	142	27	76
900	106.0	8.491	6.9	32.3	1614	123	7	100
900	87.0	10.345	6.9	32.3	1614	238	102	77
900	93.0	9.677	6.9	32.3	1614	288	66	119
900	93.0	9.677	6.9	32.3	1614	232	119	82
900	90.0	10.0	6.9	32.3	1614	222	9	68
900	87.0	10.345	6.9	32.3	1614	112	0	91
900	88.0	10.227	6.9	32.3	1614	187	13	59
900	89.0	10.112	6.9	32.3	1614	206	122	84
900	78.0	11.538	6.9	32.3	1614	339	67	153
900	80.0	11.25	6.9	32.3	1614	319	6	138
900	78.0	11.538	6.9	32.3	1614	289	50	127
900	78.0	11.538	6.9	32.3	1614	290	45	95
900	76.0	11.842	6.9	32.3	1614	257	23	104
900	78.0	11.538	6.9	32.3	1614	224	68	96
900	83.0	10.843	6.9	32.3	1614	207	10	48
900	78.0	11.538	6.9	32.3	1614	256	1017	131
900	78.0	11.538	6.9	32.3	1614	180	0	73
900	78.0	11.538	6.9	32.3	1614	194	2	70
900	69.0	13.043	6.9	32.3	1614	305	310	152
900	70.0	12.857	6.9	32.3	1614	274	132	189
900	71.0	12.676	6.9	32.3	1614	259	47	115
900	69.0	13.043	6.9	32.3	1614	221	523	88
900	69.0	13.043	6.9	32.3	1614	192	409	85
900	71.0	12.676	6.9	32.3	1614	204	53	72
900	75.0	12.0	6.9	32.3	1614	193	201	75
900	71.0	12.676	6.9	32.3	1614	215	650	135
900	64.0	14.063	6.9	32.3	1614	259	140	118
900	64.0	14.063	6.9	32.3	1614	288	3982	142
900	63.0	14.286	6.9	32.3	1614	275	165	129
900	65.0	13.846	6.9	32.3	1614	203	66	125
900	65.0	13.846	6.9	32.3	1614	210	871	170
900	66.0	13.636	6.9	32.3	1614	208	59	112
300	45.0	6.667	6.9	32.3	1614	259	210	144
300	44.0	6.818	6.9	32.3	1614	245	47	108
300	45.0	6.667	6.9	32.3	1614	253	56	99
900	130.0	6.923	6.9	32.3	1614	225	31	118
900	130.0	6.923	6.9	32.3	1614	201	28	43
900	126.0	7.143	6.9	32.3	1614	187	0	113
900	112.0	8.036	6.9	32.3	1614	277	1861	119
900	113.0	7.965	6.9	32.3	1614	195	51	82
900	118.0	7.627	6.9	32.3	1614	214	100	84
900	113.0	7.965	6.9	32.3	1614	182	7	95
900	113.0	7.965	6.9	32.3	1614	163	0	68
900	116.0	7.759	6.9	32.3	1614	185	312	101
900	94.0	9.574	6.9	32.3	1614	270	220	117
900	83.0	10.843	6.9	32.3	1614	270	220	117
900	96.0	9.375	6.9	32.3	1614	218	220	77
900	87.0	10.345	6.9	32.3	1614	181	326	97
900	90.0	10.0	6.9	32.3	1614	228	96	72
900	96.0	9.375	6.9	32.3	1614	211	19	77
900	100.0	9.0	6.9	32.3	1614	202	162	76
900	96.0	9.375	6.9	32.3	1614	212	93	68
900	82.0	10.976	6.9	32.3	1614	189	674	80
900	80.0	11.25	6.9	32.3	1614	185	2	60
900	72.0	12.5	6.9	32.3	1614	260	679	120
900	77.0	11.688	6.9	32.3	1614	279	234	99
900	75.0	12.0	6.9	32.3	1614	245	629	137
900	73.0	12.329	6.9	32.3	1614	245	629	137
900	73.0	12.329	6.9	32.3	1614	224	292	111
900	78.0	11.538	6.9	32.3	1614	213	271	73
900	73.0	12.329	6.9	32.3	1614	210	259	77
900	73.0	12.329	6.9	32.3	1614	236	1864	66
900	74.0	12.162	6.9	32.3	1614	195	153	97
900	74.0	12.162	6.9	32.3	1614	208	239	79
900	66.0	13.63636364	6.9	32.3	1614	340	4762	126
900	64.0	14.0625	6.9	32.3	1614	303	227	152
900	65.0	13.84615385	6.9	32.3	1614	272	39	75
900	63.0	14.28571429	6.9	32.3	1614	287	104	118
900	63.0	14.28571429	6.9	32.3	1614	258	194	121
900	64.0	14.0625	6.9	32.3	1614	228	661	84
900	63.0	14.28571429	6.9	32.3	1614	225	37	78
900	66.0	13.63636364	6.9	32.3	1614	200	228	104
900	66.0	13.63636364	6.9	32.3	1614	197	34	65
900	59.0	15.25423729	6.9	32.3	1614	312	243	117
900	58.0	15.51724138	6.9	32.3	1614	258	138	74
900	59.0	15.25423729	6.9	32.3	1614	250	70	115
900	60.0	15.0	6.9	32.3	1614	260	226	93
900	58.0	15.51724138	6.9	32.3	1614	199	1474	69
900	60.0	15.0	6.9	32.3	1614	206	15	73
900	61.0	14.75409836	6.9	32.3	1614	234	1900	63
300	42.0	7.142857143	6.9	32.3	1614	266	46	86
300	39.0	7.692307692	6.9	32.3	1614	237	34	106
300	40.0	7.5	6.9	32.3	1614	223	3	91
300	40.0	7.5	6.9	32.3	1614	205	11	75
300	40.0	7.5	6.9	32.3	1614	202	1	68
300	38.0	7.894736842	6.9	32.3	1614	207	181	88
300	38.0	7.894736842	6.9	32.3	1614	176	16	54
300	38.0	7.894736842	6.9	32.3	1614	192	3	77
900	108.0	8.333333333	6.9	32.3	1614	308	161	131
900	107.0	8.411214953	6.9	32.3	1614	279	415	144
900	105.0	8.571428571	6.9	32.3	1614	295	121	135
900	105.0	8.571428571	6.9	32.3	1614	303	105	147
900	104.0	8.653846154	6.9	32.3	1614	268	25	115
900	107.0	8.411214953	6.9	32.3	1614	293	201	122
900	107.0	8.411214953	6.9	32.3	1614	194	72	76
900	107.0	8.411214953	6.9	32.3	1614	204	5	73
900	108.0	8.333333333	6.9	32.3	1614	191	81	99
900	108.0	8.333333333	6.9	32.3	1614	212	282	72
900	93.0	9.677419355	6.9	32.3	1614	323	47	157
900	93.0	9.677419355	6.9	32.3	1614	305	201	108
900	94.0	9.574468085	6.9	32.3	1614	288	107	85
900	95.0	9.473684211	6.9	32.3	1614	290	24	115
900	96.0	9.375	6.9	32.3	1614	262	17	94
900	96.0	9.375	6.9	32.3	1614	241	15	86
900	96.0	9.375	6.9	32.3	1614	191	77	87
900	108.0	8.333333333	6.9	32.3	1614	188	1	73
900	107.0	8.411214953	6.9	32.3	1614	203	5	45
900	67.5999259967221	13.333048664345737	6.9	32.3	1614	287	333	136
900	71.72632054607739	12.701119403521895	6.9	32.3	1614	301	336	148
900	63.7735099467007	14.179471226034082	6.9	32.3	1614	256	333	104
324	42.824115691590784	6.869673797055994	6.8831560242046335	32.37846891101032	1613	219	243	47
282	41.08221851138542	7.0930645376808945	6.8966599759587615	32.300672994203886	1612	218	193	44
312	42.95846180634982	7.11699389251671	6.901407756064857	32.2854425689045	1616	222	334	45
900	71.48391302512033	13.2411981072649	6.9	32.3	1614	221	334	89
900	68.66178391533745	13.880000404804312	6.9	32.3	1614	215	334	75
900	78.36751733243287	12.393475742853031	6.9	32.3	1614	216	334	91
900	83.79807332244285	10.839377479014825	6.803942199673285	32.075865132570996	1598	189	489	98
900	75.74245245107795	12.303805938818877	6.44176949920667	31.230795498148893	1539	239	345	107
900	78.99165205985166	11.581488921958904	6.65974956179555	31.739415644189613	1575	201	489	101
900	75.23127384548512	12.035773657531971	6.9	32.3	1614	221	345	59
900	90.69509492305662	10.0154994665164	6.9	32.3	1614	181	318	97
900	67.36178477808684	13.730773772518733	6.9	32.3	1614	210	342	78
300	43.087292165714494	7.17053592263255	6.904193650020454	32.353864371659434	1611	247	451	100
324	44.57592844041502	6.898924275944507	6.920621804093784	32.3315635533248	1615	246	277	95
307	45.051104708247465	6.8016312189378025	6.91340879163981	32.29912145743231	1613	249	281	99
900	70.21994096887262	12.853242825510389	6.9	32.3	1614	231	363	56
900	68.85627685439276	13.072774644998299	6.9	32.3	1614	192	382	85
900	67.44205361943136	13.675813512569817	6.9	32.3	1614	233	363	89
900	71.60236699153424	12.582840210097032	6.9	32.3	1614	231	364	49
900	62.53770489147323	14.396026235829371	6.9	32.3	1614	227	360	84
900	79.64482633304753	11.61308642295051	6.9	32.3	1614	191	342	89
900	85.93854265564094	11.258954734256877	6.9	32.3	1614	247	364	92
900	79.87170648242127	11.553919277143994	6.9	32.3	1614	240	552	63
900	102.1952331512621	8.91429660050206	6.9	32.3	1614	264	364	105
900	68.34011734465142	13.226167195264347	6.9	32.3	1614	229	385	61
900	71.71258303323222	12.55202247098497	6.9	32.3	1614	228	387	52
900	67.50766057687422	13.435904046484538	6.9	32.3	1614	227	364	57
300	42.21094376462353	7.108721638248676	6.9	32.3	1614	187	345	61
298	43.61125503533301	7.275008611942611	6.877269794215028	32.36719386107294	1612	187	466	62
301	41.86895692526413	6.995658829773864	6.914453121640613	32.346401695109925	1612	184	354	66
900	81.62900431521817	11.066883191085031	6.418549784239092	31.176616163224544	1536	232	381	64
900	83.37202060260732	10.814439763618276	6.3	30.9	1517	232	357	69
900	69.722112505474	13.142600672878421	6.707939642700743	31.85185916630173	1582	230	376	80
900	63.06254856104483	14.272759291561774	6.9	32.3	1614	224	406	80
900	67.6111048539486	13.3708125310684	6.9	32.3	1614	228	385	64
900	68.24948329465934	13.244150141734503	6.9	32.3	1614	229	385	61
900	63.224739081294196	14.239441553658551	6.9	32.3	1614	227	382	86
900	68.42682166325297	13.167634445001548	6.9	32.3	1614	193	383	84
900	67.99146377244851	13.251887063660154	6.9	32.3	1614	197	406	84
900	90.97157566474652	10.364904852026262	6.9	32.3	1614	242	411	119
900	63.66118146508191	14.197439060948629	6.9	32.3	1614	225	409	80
900	87.40508733090596	10.799620834525808	6.9	32.3	1614	234	411	113
900	73.59752045024064	12.302799207511258	6.9	32.3	1614	239	510	84
896	81.6268492089807	11.295727408442943	6.901654862484061	32.31084281141442	1615	264	520	79
926	79.62234309508578	10.85980572607528	6.9009649470721515	32.319601473339915	1614	269	480	76
896	70.71208929460776	12.816928537553698	6.9008840304057335	32.27880778585149	1613	218	566	88
883	67.35101769151007	12.775261230124269	6.893519719852061	32.33220109338999	1610	218	490	89
900	76.23958084156398	11.8774274845082	6.9	32.3	1614	249	510	83
900	73.57922652463795	12.233717236697057	6.9	32.3	1614	245	943	137
900	80.9141245910831	11.134848059818703	6.9	32.3	1614	197	650	88
900	66.63671871452064	13.56811524102738	6.9	32.3	1614	232	644	96
900	65.89875783827529	13.696778143038866	6.9	32.3	1614	231	644	95
900	72.58379289125723	12.400171415595015	6.9	32.3	1614	251	653	129
900	72.9475995736106	12.337960472912588	6.9	32.3	1614	245	653	136
900	71.34707352352342	12.614915059859877	6.9	32.3	1614	230	664	129
900	74.75981568459123	12.09493757601772	6.9	32.3	1614	206	661	116
900	66.11005262305507	13.644558862590593	6.9	32.3	1614	224	655	99
900	69.85687388717739	12.964336146154238	6.9	32.3	1614	237	644	112
900	66.6188161449579	13.571471972820392	6.9	32.3	1614	232	644	96
900	66.55474521746656	13.570427685057968	6.9	32.3	1614	232	644	99
900	65.65278591409376	13.779093126452755	6.9	32.3	1614	224	667	83
900	74.52364309838161	12.257987532046954	6.9	32.3	1614	205	667	81
900	81.38019930868725	11.06917670392735	6.9	32.3	1614	192	650	83
900	80.97927069469814	11.131559146128005	6.9	32.3	1614	196	676	84
900	78.9868031101304	11.435211206016128	6.9	32.3	1614	210	676	92
900	72.4932806496286	12.415649008913508	6.9	32.3	1614	252	653	128
900	64.78048235170225	13.896062138499495	6.665855294489326	31.753662353808426	1576	233	723	89
900	70.91189504451307	12.706014538238858	6.791189504451308	32.046108843719715	1596	256	733	115
900	69.2038514473558	13.0294041259673	6.620385144735581	31.647565337716355	1568	251	733	109
900	65.75555203087288	13.687334073516695	6.446668781476275	31.24222715677797	1540	233	832	114
900	70.76485959896115	12.83550246743924	6.9	32.3	1614	228	938	153
900	74.57709764565965	12.101226938008915	6.377612855691292	31.08109666327968	1529	193	948	101
900	78.53266587230578	11.462100119154131	6.806533174461158	32.08191074040936	1598	245	1028	124
900	78.32926412817729	11.504378746524477	6.9	32.3	1614	255	1098	126
900	73.36040221993184	12.365481339882535	6.639710871689162	31.692658700608042	1571	249	894	116
900	76.47506068552983	11.80461022347987	6.823753034276491	32.12209041331181	1601	254	894	126
900	78.91301228403981	11.404700206530187	6.9	32.3	1614	256	1525	131
900	72.3441417156493	12.497799150854314	6.9	32.3	1614	246	1098	89
900	69.18656929421371	13.028388621645037	6.811007302933972	32.092350373512595	1599	232	1112	62
900	67.4408195372925	13.377516975009724	6.3	30.9	1517	233	903	96
900	77.25043948295475	11.651933198590879	6.675131844886425	31.775307638068323	1577	231	1028	116
900	68.02161187613345	13.231634903757339	6.899237227901173	32.29822019843607	1613	240	1231	58
900	77.52380444300576	11.752087625844926	6.563865725540973	31.515686692928934	1559	271	1231	87
900	78.42937251002587	11.487606042183847	6.9	32.3	1614	255	1098	127
900	70.70475029480622	12.81385446880282	6.804538224889193	32.07725585807478	1598	248	1231	66
900	61.945384270849814	14.796954290819478	6.812324793981116	32.09542451928927	1599	213	1365	75
900	81.04901298256054	11.138504191096564	6.3	30.9	1517	249	1144	102
309	44.13591817771649	6.691182871438546	6.931561640099481	32.37212770728332	1613	261	1461	130
292	43.749541328808085	6.510295827804077	6.906932459293389	32.28247107252042	1617	263	1377	128
289	44.060063133906255	6.863882075787146	6.908417022078217	32.2727583677402	1616	263	1390	130
900	66.80883777595103	13.909060355002778	6.7042480494233105	31.84324544865439	1582	230	1365	82
900	73.06927285391552	13.429521608866231	6.9	32.3	1614	220	1645	82
900	110.22596975727765	8.281776823356033	6.9	32.3	1614	274	1645	117
900	61.17865760127703	14.730564255330574	6.9	32.3	1614	234	1880	63
900	83.56555633613624	11.975350676951413	6.9	32.3	1614	235	1645	92
900	68.22096790955342	13.802898895866988	6.9	32.3	1614	240	1880	70
900	79.64111068044159	11.5979669704837	6.9	32.3	1614	242	1862	75
900	100.08792753547166	9.347244284364619	6.9	32.3	1614	264	1862	102
900	58.61731644081999	15.386031125254892	6.9	32.3	1614	200	1646	68
900	75.41317245812252	12.252152770825775	6.539670688546937	31.459231606609517	1555	271	1523	91
900	68.62980691408241	13.42965977367186	6.70925482714794	31.854927930011858	1583	253	1523	78
900	90.89226014363156	10.816468088477949	6.9	32.3	1614	259	1880	95
292	45.46513442659513	6.744845746837669	6.916934416909037	32.28493932918495	1612	235	3532	134
305	43.711142835362345	6.64540760955513	6.904647631066818	32.32373860699224	1612	238	3440	141
288	46.24109448805455	6.706289041500826	6.904233728032924	32.35677546124634	1612	240	3338	139
309	45.313000637743805	6.78883961667122	6.9	32.3	1614	238	3658	137
898	63.258799197343144	13.77140815826628	6.904248941058706	32.209244706824805	1614	288	4077	141
900	65.57247794323132	13.727561867059752	6.9	32.3	1614	328	4337	129
479	51.28086009283523	8.751457045663471	6.9	32.3	1614	268	3955	133
905	66.00780837610981	13.628826515582361	6.900934993865131	32.333689389806196	1613	341	4742	121
451	50.291830062323506	8.423223239305543	6.9	32.3	1614	263	3955	134
289	42.13149924436293	7.099221690137816	6.904186751946851	32.308812350647266	1617	185	487	64
900	72.27072925082514	12.453705298108902	6.9	32.3	1614	255	653	124
900	73.85686550030387	12.188045625200013	6.9	32.3	1614	245	943	137
900	68.69135027745149	13.103186695896959	6.807405083235446	32.083945194216035	1599	293	317	145
900	105.48877461413197	8.533515928445187	6.9	32.3	1614	272	390	125
896	69.05891923309015	13.11030960877448	6.904107561983644	32.385670888162394	1620	217	479	88
900	79.60106474890277	11.311457323647026	6.839893525109723	32.15975155858935	1604	260	1130	128
900	71.81137557593928	12.596421346685808	6.9	32.3	1614	245	1098	83
900	70.77081282623884	12.752532216631161	6.692189038032088	31.8151077554082	1580	223	1112	69
900	81.4291034780236	11.061824777137119	6.9	32.3	1614	192	650	83
877	62.08990074640895	14.137677565117327	6.8893453954216	32.253758967508595	1611	286	3963	142
887	66.97678085573308	13.761205564856068	6.891526133923265	32.32647772730582	1615	341	4751	121
900	79.06295873265742	11.417535203857168	6.9	32.3	1614	207	650	98
900	76.63461614522774	12.029334800064747	6.484134596369307	31.32964739152838	1546	229	377	68
900	87.04688789937826	10.340818892834752	6.9	32.3	1614	181	318	97
296	45.07297700007535	7.270393490663199	6.904118415801134	32.31091674299361	1607	265	1366	131
900	84.59955862207573	11.27361124372337	6.9	32.3	1614	253	1454	81
900	63.0	14.285838218842436	6.9	32.3	1614	226	380	83
900	68.76421629725061	13.118844871980288	6.9	32.3	1614	219	655	118
900	64.62240638656817	13.929771838064338	6.713278084029549	31.86431552940228	1583	232	723	88
899	81.17897969847378	11.170928811639778	6.8957135588350456	32.26350845706199	1609	265	441	77
900	71.96836397723037	12.507988849950532	6.9	32.3	1614	229	639	135
270	34.0	7.941	6.3	30.9	1517	261	136	141
300	44.0	6.818	6.3	30.9	1517	190	15	68
300	40.0	7.5	6.9	32.3	1614	180	0	62
300	38.0	7.895	6.9	32.3	1614	178	80	82
300	43.0	6.977	6.3	30.9	1517	185	24	145
300	43.0	6.977	6.3	30.9	1517	213	50	161
300	34.0	8.824	6.3	30.9	1517	323	8	171
300	32.0	9.375	6.9	32.3	1614	183	107	84
300	32.0	9.375	6.3	30.9	1517	306	102	145
300	32.0	9.375	6.9	32.3	1614	254	268	131
300	34.0	8.824	6.9	32.3	1614	219	213	185
300	32.0	9.375	6.9	32.3	1614	224	215	128
300	34.0	8.824	6.3	30.9	1517	226	27	95
300	31.0	9.677	6.3	30.9	1517	218	187	117
900	96.0	9.375	6.3	30.9	1517	224	47	84
900	89.0	10.112	6.3	30.9	1517	391	21	192
900	83.0	10.843	6.3	30.9	1517	254	58	109
900	85.0	10.588	6.3	30.9	1517	296	1272	111
900	84.0	10.714	6.3	30.9	1517	233	395	68
900	83.0	10.843	6.3	30.9	1517	195	56	88
900	84.0	10.714	6.3	30.9	1517	185	0	84
900	84.0	10.714	6.3	30.9	1517	179	1	99
900	87.0	10.345	6.3	30.9	1517	191	32	86
900	73.0	12.329	6.3	30.9	1517	238	89	79
900	81.0	11.111	6.9	32.3	1614	269	498	80
900	78.0	11.538	6.3	30.9	1517	237	24	85
900	80.0	11.25	6.3	30.9	1517	207	29	85
900	79.0	11.392	6.3	30.9	1517	191	91	85
900	76.0	11.842	6.3	30.9	1517	191	1041	91
900	79.0	11.392	6.3	30.9	1517	179	0	73
900	99.0	9.091	6.3	30.9	1517	177	10	63
900	79.0	11.392	6.3	30.9	1517	203	101	74
900	67.0	13.433	6.3	30.9	1517	298	41	130
900	66.0	13.636	6.3	30.9	1517	268	3	91
900	66.0	13.636	6.3	30.9	1517	241	798	97
900	66.0	13.636	6.3	30.9	1517	254	3	123
900	66.0	13.636	6.3	30.9	1517	214	7	65
900	67.0	13.433	6.3	30.9	1517	231	326	108
900	67.0	13.433	6.3	30.9	1517	202	10	112
900	61.0	14.754	6.3	30.9	1517	294	32	143
900	67.0	13.433	6.9	32.3	1614	278	91	123
900	61.0	14.754	6.3	30.9	1517	261	35	134
900	61.0	14.754	6.3	30.9	1517	245	51	147
900	61.0	14.754	6.3	30.9	1517	253	10	167
900	61.0	14.754	6.3	30.9	1517	238	5	82
900	64.0	14.063	6.3	30.9	1517	200	26	89
900	63.0	14.286	6.3	30.9	1517	226	90	72
300	44.0	6.818	6.9	32.3	1614	261	1450	132
300	44.0	6.818	6.9	32.3	1614	248	350	99
300	44.0	6.818	6.9	32.3	1614	220	310	44
300	45.0	6.667	6.9	32.3	1614	238	3383	137
300	42.0	7.143	6.9	32.3	1614	184	389	64
300	44.0	6.818	6.9	32.3	1614	183	12	75
300	44.0	6.818	6.9	32.3	1614	183	124	49
300	44.0	6.818	6.9	32.3	1614	183	32	68
300	45.0	6.667	6.9	32.3	1614	167	153	58
300	37.0	8.108	6.9	32.3	1614	321	198	147
300	37.0	8.108	6.9	32.3	1614	274	283	149
300	38.0	7.895	6.9	32.3	1614	240	275	120
300	35.0	8.571	6.9	32.3	1614	232	168	99
300	38.0	7.895	6.9	32.3	1614	204	59	77
300	38.0	7.895	6.9	32.3	1614	189	8	71
300	36.0	8.333	6.9	32.3	1614	142	27	76
900	106.0	8.491	6.9	32.3	1614	123	7	100
900	87.0	10.345	6.9	32.3	1614	238	102	77
900	93.0	9.677	6.9	32.3	1614	288	66	119
900	93.0	9.677	6.9	32.3	1614	232	119	82
900	90.0	10.0	6.9	32.3	1614	222	9	68
900	88.0	10.227	6.9	32.3	1614	187	13	59
900	89.0	10.112	6.9	32.3	1614	206	122	84
900	78.0	11.538	6.9	32.3	1614	339	67	153
900	80.0	11.25	6.9	32.3	1614	319	6	138
900	78.0	11.538	6.9	32.3	1614	289	50	127
900	78.0	11.538	6.9	32.3	1614	290	45	95
900	76.0	11.842	6.9	32.3	1614	257	23	104
900	78.0	11.538	6.9	32.3	1614	224	68	96
900	78.0	11.538	6.9	32.3	1614	207	10	48
900	79.0	11.392	6.9	32.3	1614	256	1017	131
900	78.0	11.538	6.9	32.3	1614	256	1017	131
900	78.0	11.538	6.9	32.3	1614	180	0	73
900	78.0	11.538	6.9	32.3	1614	194	2	70
900	69.0	13.043	6.9	32.3	1614	305	310	152
900	70.0	12.857	6.9	32.3	1614	274	132	189
900	71.0	12.676	6.9	32.3	1614	259	47	115
900	68.0	13.235	6.9	32.3	1614	243	56	127
900	69.0	13.043	6.9	32.3	1614	221	523	88
900	69.0	13.043	6.9	32.3	1614	192	409	85
900	68.0	13.235	6.9	32.3	1614	240	1194	58
900	71.0	12.676	6.9	32.3	1614	204	53	72
900	75.0	12.0	6.9	32.3	1614	193	201	75
900	71.0	12.676	6.9	32.3	1614	215	650	135
900	64.0	14.063	6.9	32.3	1614	259	140	118
900	64.0	14.063	6.9	32.3	1614	288	3982	142
900	63.0	14.286	6.9	32.3	1614	275	165	129
900	63.0	14.286	6.9	32.3	1614	229	360	87
900	64.0	14.063	6.9	32.3	1614	204	4	100
900	65.0	13.846	6.9	32.3	1614	203	66	125
900	65.0	13.846	6.9	32.3	1614	210	871	170
900	66.0	13.636	6.9	32.3	1614	191	13	77
900	66.0	13.636	6.9	32.3	1614	208	59	112
300	45.0	6.667	6.9	32.3	1614	259	210	144
900	130.0	6.923	6.9	32.3	1614	225	31	118
900	130.0	6.923	6.9	32.3	1614	201	28	43
900	126.0	7.143	6.9	32.3	1614	187	0	113
300	45.0	6.667	6.9	32.3	1614	179	172	128
300	44.0	6.818	6.9	32.3	1614	193	151	108
900	112.0	8.036	6.9	32.3	1614	277	1861	119
900	114.0	7.895	6.9	32.3	1614	247	241	102
900	104.0	8.654	6.9	32.3	1614	266	368	107
900	105.0	8.571	6.9	32.3	1614	274	42	92
900	113.0	7.965	6.9	32.3	1614	195	51	82
900	118.0	7.627	6.9	32.3	1614	214	100	84
900	117.0	7.692	6.9	32.3	1614	184	71	93
900	113.0	7.965	6.9	32.3	1614	182	7	95
900	113.0	7.965	6.9	32.3	1614	163	0	68
900	116.0	7.759	6.9	32.3	1614	185	312	101
900	94.0	9.574	6.9	32.3	1614	270	220	117
900	83.0	10.843	6.9	32.3	1614	270	220	117
900	107.0	8.411	6.9	32.3	1614	218	220	77
900	96.0	9.375	6.9	32.3	1614	218	220	77
900	87.0	10.345	6.9	32.3	1614	181	326	97
900	90.0	10.0	6.9	32.3	1614	228	96	72
900	96.0	9.375	6.9	32.3	1614	189	32	95
900	100.0	9.0	6.9	32.3	1614	202	162	76
900	82.0	10.976	6.9	32.3	1614	189	674	80
900	80.0	11.25	6.9	32.3	1614	185	2	60
900	72.0	12.5	6.9	32.3	1614	260	679	120
900	77.0	11.688	6.9	32.3	1614	279	234	99
900	75.0	12.0	6.9	32.3	1614	245	629	137
900	73.0	12.329	6.9	32.3	1614	245	629	137
900	73.0	12.329	6.9	32.3	1614	224	292	111
900	73.0	12.329	6.9	32.3	1614	210	259	77
900	72.0	12.5	6.9	32.3	1614	232	368	49
900	73.0	12.329	6.9	32.3	1614	236	1864	66
900	74.0	12.162	6.9	32.3	1614	195	153	97
900	74.0	12.162	6.9	32.3	1614	208	239	79
900	66.0	13.63636364	6.9	32.3	1614	340	4762	126
900	65.0	13.84615385	6.9	32.3	1614	272	39	75
900	63.0	14.28571429	6.9	32.3	1614	287	104	118
900	63.0	14.28571429	6.9	32.3	1614	225	404	80
900	64.0	14.0625	6.9	32.3	1614	228	661	84
900	63.0	14.28571429	6.9	32.3	1614	225	37	78
900	66.0	13.63636364	6.9	32.3	1614	200	228	104
900	66.0	13.63636364	6.9	32.3	1614	197	34	65
900	59.0	15.25423729	6.9	32.3	1614	312	243	117
900	58.0	15.51724138	6.9	32.3	1614	258	138	74
900	59.0	15.25423729	6.9	32.3	1614	264	249	98
900	59.0	15.25423729	6.9	32.3	1614	250	70	115
900	60.0	15.0	6.9	32.3	1614	260	226	93
900	58.0	15.51724138	6.9	32.3	1614	199	1474	69
900	60.0	15.0	6.9	32.3	1614	221	361	71
900	61.0	14.75409836	6.9	32.3	1614	234	1900	63
900	60.0	15.0	6.9	32.3	1614	205	276	75
300	41.0	7.317073171	6.9	32.3	1614	227	11	78
300	39.0	7.692307692	6.9	32.3	1614	237	34	106
300	38.0	7.894736842	6.9	32.3	1614	207	181	88
300	38.0	7.894736842	6.9	32.3	1614	176	16	54
300	38.0	7.894736842	6.9	32.3	1614	192	3	77
900	108.0	8.333333333	6.9	32.3	1614	308	161	131
900	107.0	8.411214953	6.9	32.3	1614	279	415	144
900	105.0	8.571428571	6.9	32.3	1614	295	121	135
900	105.0	8.571428571	6.9	32.3	1614	303	105	147
900	104.0	8.653846154	6.9	32.3	1614	268	25	115
900	107.0	8.411214953	6.9	32.3	1614	293	201	122
900	107.0	8.411214953	6.9	32.3	1614	194	72	76
900	107.0	8.411214953	6.9	32.3	1614	204	5	73
900	108.0	8.333333333	6.9	32.3	1614	191	81	99
900	108.0	8.333333333	6.9	32.3	1614	212	282	72
900	93.0	9.677419355	6.9	32.3	1614	323	47	157
900	93.0	9.677419355	6.9	32.3	1614	305	201	108
900	94.0	9.574468085	6.9	32.3	1614	288	107	85
900	95.0	9.473684211	6.9	32.3	1614	290	24	115
900	96.0	9.375	6.9	32.3	1614	262	17	94
900	96.0	9.375	6.9	32.3	1614	241	15	86
900	96.0	9.375	6.9	32.3	1614	191	77	87
900	108.0	8.333333333	6.9	32.3	1614	188	1	73
900	107.0	8.411214953	6.9	32.3	1614	203	5	45
300	37.78885860860851	8.149506813063088	6.3	30.9	1517	236	63	148
300	36.733027222838444	8.38706887486135	6.3	30.9	1517	241	65	148
284	32.59780389026086	8.752404148835714	6.3	30.9	1517	263	109	139
300	31.679471206675657	9.471799695583952	6.3	30.9	1517	293	94	141
273	33.60191209377346	8.171360201736427	6.3	30.9	1517	290	21	149
300	32.5897632916734	9.22497730406753	6.3	30.9	1517	296	41	152
270	34.0	7.941	6.3	30.9	1517	269	102	151
279	33.36965660790494	8.392956212132155	6.3	30.9	1517	275	125	142
282	38.59036552466285	7.409352211052684	6.550383574072519	31.484228339502543	1557	260	166	142
270	34.3653486526643	7.898685983318698	6.319928108327144	30.946498919430002	1520	260	138	142
271	33.87537552550394	8.030355748213672	6.3	30.9	1517	263	133	142
296	43.885134847509036	6.796121654933953	6.839189173500493	32.15810807150115	1604	259	202	142
875	64.44387189986489	14.152016999848847	6.8620110893158275	32.35456423380391	1616	286	4003	142
889	65.28038266555168	14.101160627851257	6.8989215705523845	32.30925603461135	1611	289	3921	143
871	65.20098039161519	13.661617602032143	6.891657363688399	32.195383426432244	1614	283	3946	144
866	64.54937993920042	14.008523362197058	6.897014149222314	32.28613887268108	1608	291	4013	142
866	65.73954992201836	13.995082291013937	6.90451140035202	32.30949021078846	1615	289	3960	141
935	60.93870679154416	14.112977831005878	6.927733290434185	32.36228961673592	1614	285	3927	140
900	88.29434130363688	10.449227743473955	6.816958964181827	32.10623758309093	1600	314	43	148
900	59.05140327957512	15.24114918010622	6.3	30.9	1517	259	18	152
900	59.637046185548	15.094738453613	6.3	30.9	1517	255	29	144
900	60.81565078521101	14.800087303697246	6.3	30.9	1517	246	48	144
900	59.44309890732703	15.143225273168243	6.3	30.9	1517	267	21	142
900	69.95194307453191	13.45769430074775	6.49326958366821	31.35096236189249	1548	280	28	149
900	61.57770120412562	14.662351664016958	6.310831897577355	30.925274427680495	1518	294	32	149
900	61.0	14.754	6.3	30.9	1517	272	40	144
900	72.75327573850045	12.805474786495747	6.3	30.9	1517	334	27	163
900	75.16265324649575	12.50719214521854	6.5655497483717955	31.519616079534188	1559	306	38	149
900	61.0	14.754	6.3	30.9	1517	254	10	153
900	61.0	14.754	6.3	30.9	1517	272	20	153
908	110.99197681614136	8.448202742266105	6.910405062879982	32.37268412859749	1618	280	417	143
904	104.13547337474816	8.400087814830279	6.894905923643864	32.35593829622628	1615	275	505	144
900	81.97952838535639	11.699536281016822	6.9	32.3	1614	292	305	147
909	108.5475924536318	8.326635578348677	6.900958617039961	32.303279465449876	1606	275	448	143
918	106.52837681329791	8.28117750928745	6.907682563118985	32.2920118520611	1611	277	403	142
900	69.50499227649954	13.3390051038132	6.9	32.3	1614	299	251	147
298	44.49976781630761	6.724935982002191	6.872714608162234	32.236334085711874	1609	259	206	142
300	36.71464912115836	8.29168198596922	6.9	32.3	1614	228	212	161
300	43.5309096098831	6.931619906519806	6.9	32.3	1614	261	223	146
300	39.454868097711916	7.754349955748673	6.9	32.3	1614	238	211	161
300	44.979924759777205	6.670616052645131	6.9	32.3	1614	259	209	145
300	39.13807631632576	7.7228790035218235	6.9	32.3	1614	304	201	145
287	32.8618958091649	8.757020704828765	6.3	30.9	1517	286	116	142
279	33.379801741946515	8.38568215102435	6.3	30.9	1517	297	39	153
300	31.027107954515603	9.668813397736287	6.3	30.9	1517	268	80	141
296	32.258175343917905	9.18988827841086	6.3	30.9	1517	300	106	142
300	31.269884383375626	9.595494916220561	6.3	30.9	1517	277	85	141
291	32.57096331021321	8.96561930657713	6.3	30.9	1517	293	111	142
300	37.53601186473097	8.098331787315766	6.3	30.9	1517	268	14	156
296	41.864091522308364	7.098668419166082	6.3	30.9	1517	198	22	153
277	36.37518416060398	7.686591385464196	6.3	30.9	1517	240	106	142
300	35.78363580187868	8.457958297103342	6.3	30.9	1517	295	11	156
300	43.0	6.977	6.3	30.9	1517	193	32	152
300	37.484998078895984	8.217875432248404	6.3	30.9	1517	222	49	141
291	36.15712619324725	8.06108002475743	6.73142523864945	31.906658890182047	1586	304	180	143
300	37.0	8.108	6.9	32.3	1614	303	229	147
300	35.57865515771321	8.447227635692448	6.9	32.3	1614	272	205	163
300	37.0	8.108	6.9	32.3	1614	316	206	147
300	34.160074510777456	8.827637118968992	6.559208941293295	31.504820863017684	1558	312	143	145
277	34.778604453520636	7.984342314579315	6.455720890704127	31.263348744976295	1542	276	152	143
900	94.69474496009231	9.833254472931047	6.9	32.3	1614	294	112	165
900	78.20850521911666	11.51509090274708	6.9	32.3	1614	338	67	149
900	84.53053266265877	11.077810410650237	6.9	32.3	1614	286	120	165
900	99.59709439606077	9.069392221398228	6.9	32.3	1614	312	78	151
900	92.32545361555358	9.96401920728274	6.9	32.3	1614	319	87	149
900	64.67382225771513	13.972255947620395	6.9	32.3	1614	303	224	149
900	61.0	14.754	6.3	30.9	1517	280	37	144
900	91.610061486176	9.897923572406844	6.8739386528658	32.239190190020196	1609	319	47	151
900	104.78423193000683	8.601746787018868	6.897057708136457	32.29313465231839	1613	302	104	220
900	60.37519533991236	14.91020116502191	6.3	30.9	1517	249	41	144
900	86.87823247304183	10.648595809392042	6.785216858869535	32.03217267069558	1595	308	47	151
900	61.0	14.754	6.3	30.9	1517	287	34	144
300	44.34524480157803	6.784937780115756	6.9	32.3	1614	260	215	146
299	36.97924159097382	8.10684444856421	6.895848318194764	32.29031274245445	1613	273	281	144
300	36.40968923642672	8.25758474748947	6.829162708371206	32.13471298619948	1602	277	261	146
300	37.0	8.108	6.9	32.3	1614	300	234	147
300	32.15991960993807	9.334476370841692	6.319190353192568	30.94477749078266	1520	304	107	146
300	35.23343607031939	8.529619924550438	6.9	32.3	1614	241	241	164
900	69.0	13.043	6.635235130494703	31.682215304487638	1571	312	284	157
900	66.36732962131141	13.579801490214601	6.9	32.3	1614	303	266	228
900	66.53407308013018	13.545802498961455	6.9	32.3	1614	304	269	228
900	73.05440808434636	12.539400684681393	6.9	32.3	1614	304	286	149
900	69.0	13.043	6.774182276275855	32.00642531131032	1593	308	298	157
900	88.5042817237485	10.620366975025537	6.9	32.3	1614	303	198	149
900	69.41327217300844	12.97488339923972	6.9	32.3	1614	276	141	168
900	74.85016755682105	12.105982285914662	6.9	32.3	1614	330	102	152
900	67.23741467100885	13.478724761645582	6.9	32.3	1614	311	190	152
900	77.44339092354164	11.638368543822796	6.9	32.3	1614	337	73	152
900	67.77803301549308	13.292159068140961	6.9	32.3	1614	304	289	228
900	67.00873207609912	13.44901952968339	6.9	32.3	1614	304	276	228
900	62.44307117644009	14.48100488803345	6.350931923874356	31.01884115570683	1525	297	34	147
900	72.35817894660805	12.605299794571089	6.700876903997932	31.835379442661836	1581	324	55	147
900	83.18991518211668	10.865198268209237	6.61691371733909	31.639465340457875	1568	363	45	169
900	86.04892127514589	10.494567114694723	6.4609679304465875	31.275591837708703	1543	377	33	170
900	90.53269458301722	9.98346073527612	6.9	32.3	1614	325	50	154
900	86.68939499592553	10.4115384305282	6.426033000222244	31.19407700051857	1537	380	30	170
900	82.5640801186148	11.333006507581588	6.704326502224028	31.843428505189394	1582	313	42	149
900	90.32046347531045	10.04784554941189	6.9	32.3	1614	317	56	171
900	66.85240387471619	13.966071662809844	6.438571833083227	31.223334277194194	1539	274	25	149
900	92.87510537823961	9.697233030609167	6.897658225841993	32.29453586029798	1613	322	46	149
900	71.90222930191317	13.024436054329867	6.504416799410872	31.3769725319587	1550	303	37	149
900	83.28776224998703	11.020064710199113	6.9	32.3	1614	302	82	171
300	43.0	6.977	6.3	30.9	1517	198	36	152
284	38.27521523803202	7.483076945615237	6.3	30.9	1517	255	30	162
287	39.334761837432964	7.3695877320794025	6.3	30.9	1517	232	85	150
277	36.31990528714049	7.69251236702184	6.3	30.9	1517	248	113	150
289	39.92896023439858	7.305942481559975	6.3	30.9	1517	229	79	150
300	43.0	6.977	6.3	30.9	1517	198	36	152
900	71.0624238953336	12.786825673198317	6.334373731588893	30.980205373707417	1522	319	244	154
900	69.0	13.043	6.341130898688531	30.995972096939905	1523	319	256	157
900	64.52532425644632	13.955386384110595	6.836961089226442	32.15290920819503	1603	304	229	157
900	102.91372260241724	8.830565748888876	6.865228710040288	32.218866990094	1608	304	113	154
900	93.05632135538355	10.05495668723401	6.700938689256393	31.835523608264914	1581	308	154	154
900	69.19662587440966	13.006427587359802	6.417975524645796	31.175276224173523	1536	311	229	175
293	32.45657472617772	9.047635921330572	6.3	30.9	1517	303	81	153
280	33.29404888742499	8.447166947716283	6.3	30.9	1517	298	43	153
274	33.55738662494401	8.197125606365733	6.3	30.9	1517	290	22	150
293	31.62190160950065	9.317126268635624	6.3	30.9	1517	272	65	150
294	32.37293815786795	9.107603340808678	6.3	30.9	1517	303	85	153
288	39.5098520749034	7.350833622199236	6.3	30.9	1517	227	19	153
900	75.59517789687932	12.438575074324081	6.573659585566487	31.538539032988467	1561	284	26	161
900	61.0	14.754	6.3	30.9	1517	250	23	156
900	61.0	14.754	6.3	30.9	1517	249	27	156
900	92.72010902079289	9.721822140242278	6.894752044139867	32.287754769659685	1613	322	46	161
900	75.83003471983099	11.948506373001385	6.823412990111683	32.121296976927255	1601	328	59	159
900	61.0	14.754	6.3	30.9	1517	281	25	154
903	65.64153991309632	13.72269005210027	6.873959672420708	32.271441949772736	1614	209	903	170
891	62.56220294708045	13.898480507708081	6.911037837133991	32.30840082709296	1613	208	854	170
893	67.9377508623828	14.024395904750959	6.912679433911029	32.3093180996506	1615	204	902	171
912	63.673475875986334	13.776766696189608	6.8970607283511205	32.26458041831125	1612	213	853	166
904	64.4719305142215	13.661147301502929	6.876724537489085	32.24578987165163	1614	202	859	171
897	66.12419814949723	13.591671354892194	6.878826719291109	32.35393114168466	1617	208	918	169
289	34.0	8.502954879400248	6.3	30.9	1517	312	9	167
300	35.98748049117242	8.416124836978282	6.3	30.9	1517	298	17	165
300	31.375459462773442	9.570244359418083	6.3	30.9	1517	274	70	153
300	33.80634780071792	8.877351180902211	6.3	30.9	1517	321	17	156
300	31.992372954884583	9.394835289827816	6.3	30.9	1517	285	56	153
300	35.32642091975628	8.551788951245573	6.3	30.9	1517	306	14	165
300	39.027763851303106	7.838101215703564	6.9	32.3	1614	237	211	161
300	33.85394960333892	8.864236884280128	6.856184881001676	32.19776472233724	1606	225	204	162
300	33.371536298752474	8.997141749693693	6.711460889625743	31.86007540912673	1583	246	178	162
300	38.72849999281938	7.89678413777169	6.9	32.3	1614	236	211	161
285	34.0	8.408979610571585	6.617992940365744	31.641983527520065	1568	238	176	160
300	34.22709883807015	8.779467982389336	6.9	32.3	1614	219	212	161
900	76.74372956304457	11.924729043749094	6.9	32.3	1614	288	107	171
900	104.92731643585194	8.580328302596309	6.9	32.3	1614	302	105	165
900	83.18051041146661	11.034891487151294	6.9	32.3	1614	302	83	171
900	70.02370105377997	12.853092288758027	6.9	32.3	1614	274	131	169
900	76.67117330933893	11.934759411573276	6.9	32.3	1614	288	107	171
900	71.7222269033633	12.618914811815989	6.9	32.3	1614	277	125	171
900	87.1137610704823	10.356525155772022	6.402885759791874	31.140066772847707	1533	382	28	170
900	71.22941838054163	13.058108567054491	6.3	30.9	1517	329	27	163
900	91.9760235876808	9.788669437432617	6.746403538152119	31.941608255688276	1589	340	40	172
900	78.48718098208826	11.854875210040937	6.3	30.9	1517	339	16	178
900	79.01916702052294	11.405878893521297	6.844409071607839	32.17028783375162	1605	343	62	170
900	67.03884791456053	13.752845285021786	6.3	30.9	1517	314	29	163
300	43.77063892343914	6.888438663915526	6.9	32.3	1614	268	208	145
900	86.68327482741705	10.550660098414305	6.9	32.3	1614	309	70	171
270	34.0	7.941	6.3	30.9	1517	294	12	164
270	34.0	7.941	6.3	30.9	1517	261	136	141
300	44.0	6.818	6.3	30.9	1517	190	15	68
300	40.0	7.5	6.9	32.3	1614	180	0	62
300	38.0	7.895	6.9	32.3	1614	178	80	82
300	43.0	6.977	6.3	30.9	1517	185	24	145
300	43.0	6.977	6.3	30.9	1517	213	50	161
300	34.0	8.824	6.3	30.9	1517	323	8	171
300	32.0	9.375	6.9	32.3	1614	183	107	84
300	32.0	9.375	6.3	30.9	1517	306	102	145
300	32.0	9.375	6.9	32.3	1614	254	268	131
300	31.0	9.677	6.3	30.9	1517	267	80	139
300	34.0	8.824	6.9	32.3	1614	219	213	185
300	32.0	9.375	6.9	32.3	1614	224	215	128
300	34.0	8.824	6.3	30.9	1517	226	27	95
300	31.0	9.677	6.3	30.9	1517	218	187	117
900	89.0	10.112	6.3	30.9	1517	391	21	192
900	83.0	10.843	6.3	30.9	1517	254	58	109
900	85.0	10.588	6.3	30.9	1517	296	1272	111
900	84.0	10.714	6.3	30.9	1517	233	395	68
900	86.0	10.465	6.3	30.9	1517	193	45	76
900	83.0	10.843	6.3	30.9	1517	194	79	83
900	84.0	10.714	6.3	30.9	1517	185	0	84
900	84.0	10.714	6.3	30.9	1517	179	1	99
900	87.0	10.345	6.3	30.9	1517	191	32	86
900	73.0	12.329	6.3	30.9	1517	238	89	79
900	81.0	11.111	6.9	32.3	1614	269	498	80
900	82.0	10.976	6.9	32.3	1614	280	43	133
900	78.0	11.538	6.3	30.9	1517	237	24	85
900	80.0	11.25	6.3	30.9	1517	207	29	85
900	79.0	11.392	6.3	30.9	1517	191	91	85
900	79.0	11.392	6.3	30.9	1517	179	0	73
900	99.0	9.091	6.3	30.9	1517	177	10	63
900	79.0	11.392	6.3	30.9	1517	203	101	74
900	67.0	13.433	6.3	30.9	1517	298	41	130
900	69.0	13.043	6.3	30.9	1517	321	253	163
900	66.0	13.636	6.3	30.9	1517	268	3	91
900	66.0	13.636	6.3	30.9	1517	241	798	97
900	66.0	13.636	6.3	30.9	1517	254	3	123
900	66.0	13.636	6.3	30.9	1517	214	7	65
900	67.0	13.433	6.3	30.9	1517	202	10	112
900	65.0	13.846	6.3	30.9	1517	232	16	103
900	61.0	14.754	6.3	30.9	1517	294	32	143
900	60.0	15.0	6.3	30.9	1517	278	91	123
900	67.0	13.433	6.9	32.3	1614	278	91	123
900	61.0	14.754	6.3	30.9	1517	261	35	134
900	59.0	15.254	6.3	30.9	1517	260	19	142
900	61.0	14.754	6.3	30.9	1517	245	51	147
900	61.0	14.754	6.3	30.9	1517	253	10	167
900	61.0	14.754	6.3	30.9	1517	229	7	72
900	61.0	14.754	6.3	30.9	1517	238	5	82
900	64.0	14.063	6.3	30.9	1517	200	26	89
900	63.0	14.286	6.3	30.9	1517	226	90	72
300	44.0	6.818	6.9	32.3	1614	261	1450	132
300	44.0	6.818	6.9	32.3	1614	248	350	99
300	44.0	6.818	6.9	32.3	1614	220	310	44
300	45.0	6.667	6.9	32.3	1614	238	3383	137
300	42.0	7.143	6.9	32.3	1614	184	389	64
300	44.0	6.818	6.9	32.3	1614	183	12	75
300	44.0	6.818	6.9	32.3	1614	183	124	49
300	44.0	6.818	6.9	32.3	1614	183	32	68
300	45.0	6.667	6.9	32.3	1614	167	153	58
300	37.0	8.108	6.9	32.3	1614	321	198	147
300	37.0	8.108	6.9	32.3	1614	274	283	149
300	38.0	7.895	6.9	32.3	1614	240	275	120
300	35.0	8.571	6.9	32.3	1614	232	168	99
300	38.0	7.895	6.9	32.3	1614	204	59	77
300	36.0	8.333	6.9	32.3	1614	193	41	71
300	38.0	7.895	6.9	32.3	1614	189	8	71
300	36.0	8.333	6.9	32.3	1614	142	27	76
900	106.0	8.491	6.9	32.3	1614	123	7	100
900	87.0	10.345	6.9	32.3	1614	238	102	77
900	93.0	9.677	6.9	32.3	1614	288	66	119
900	93.0	9.677	6.9	32.3	1614	232	119	82
900	91.0	9.89	6.9	32.3	1614	223	91	70
900	90.0	10.0	6.9	32.3	1614	222	9	68
900	91.0	9.89	6.9	32.3	1614	197	2	68
900	88.0	10.227	6.9	32.3	1614	187	13	59
900	87.0	10.345	6.9	32.3	1614	189	0	57
900	78.0	11.538	6.9	32.3	1614	339	67	153
900	80.0	11.25	6.9	32.3	1614	319	6	138
900	78.0	11.538	6.9	32.3	1614	289	50	127
900	78.0	11.538	6.9	32.3	1614	290	45	95
900	76.0	11.842	6.9	32.3	1614	257	23	104
900	78.0	11.538	6.9	32.3	1614	224	68	96
900	83.0	10.843	6.9	32.3	1614	207	10	48
900	78.0	11.538	6.9	32.3	1614	207	10	48
900	79.0	11.392	6.9	32.3	1614	256	1017	131
900	78.0	11.538	6.9	32.3	1614	256	1017	131
900	78.0	11.538	6.9	32.3	1614	180	0	73
900	78.0	11.538	6.9	32.3	1614	194	2	70
900	69.0	13.043	6.9	32.3	1614	305	310	152
900	70.0	12.857	6.9	32.3	1614	274	132	189
900	71.0	12.676	6.9	32.3	1614	259	47	115
900	68.0	13.235	6.9	32.3	1614	243	56	127
900	69.0	13.043	6.9	32.3	1614	221	523	88
900	69.0	13.043	6.9	32.3	1614	192	409	85
900	68.0	13.235	6.9	32.3	1614	240	1194	58
900	71.0	12.676	6.9	32.3	1614	204	53	72
900	75.0	12.0	6.9	32.3	1614	193	201	75
900	71.0	12.676	6.9	32.3	1614	215	650	135
900	64.0	14.063	6.9	32.3	1614	259	140	118
900	64.0	14.063	6.9	32.3	1614	288	3982	142
900	63.0	14.286	6.9	32.3	1614	275	165	129
900	63.0	14.286	6.9	32.3	1614	229	360	87
900	64.0	14.063	6.9	32.3	1614	204	4	100
900	65.0	13.846	6.9	32.3	1614	194	62	108
900	65.0	13.846	6.9	32.3	1614	203	66	125
900	65.0	13.846	6.9	32.3	1614	210	871	170
900	66.0	13.636	6.9	32.3	1614	191	13	77
900	66.0	13.636	6.9	32.3	1614	208	59	112
300	45.0	6.667	6.9	32.3	1614	259	210	144
300	44.0	6.818	6.9	32.3	1614	245	47	108
300	45.0	6.667	6.9	32.3	1614	253	56	99
900	130.0	6.923	6.9	32.3	1614	225	31	118
900	130.0	6.923	6.9	32.3	1614	201	28	43
900	126.0	7.143	6.9	32.3	1614	187	0	113
300	45.0	6.667	6.9	32.3	1614	179	172	128
300	44.0	6.818	6.9	32.3	1614	193	151	108
900	112.0	8.036	6.9	32.3	1614	277	1861	119
900	114.0	7.895	6.9	32.3	1614	247	241	102
900	104.0	8.654	6.9	32.3	1614	266	368	107
900	105.0	8.571	6.9	32.3	1614	274	42	92
900	113.0	7.965	6.9	32.3	1614	195	51	82
900	117.0	7.692	6.9	32.3	1614	184	71	93
900	113.0	7.965	6.9	32.3	1614	182	7	95
900	113.0	7.965	6.9	32.3	1614	163	0	68
900	116.0	7.759	6.9	32.3	1614	185	312	101
900	94.0	9.574	6.9	32.3	1614	270	220	117
900	83.0	10.843	6.9	32.3	1614	270	220	117
900	96.0	9.375	6.9	32.3	1614	218	220	77
900	87.0	10.345	6.9	32.3	1614	181	326	97
900	90.0	10.0	6.9	32.3	1614	228	96	72
900	96.0	9.375	6.9	32.3	1614	189	32	95
900	96.0	9.375	6.9	32.3	1614	211	19	77
900	100.0	9.0	6.9	32.3	1614	202	162	76
900	96.0	9.375	6.9	32.3	1614	212	93	68
900	82.0	10.976	6.9	32.3	1614	189	674	80
900	80.0	11.25	6.9	32.3	1614	185	2	60
900	72.0	12.5	6.9	32.3	1614	260	679	120
900	77.0	11.688	6.9	32.3	1614	279	234	99
900	75.0	12.0	6.9	32.3	1614	245	629	137
900	73.0	12.329	6.9	32.3	1614	245	629	137
900	73.0	12.329	6.9	32.3	1614	224	292	111
900	78.0	11.538	6.9	32.3	1614	213	271	73
900	73.0	12.329	6.9	32.3	1614	210	259	77
900	74.0	12.162	6.9	32.3	1614	195	153	97
900	74.0	12.162	6.9	32.3	1614	208	239	79
900	66.0	13.63636364	6.9	32.3	1614	340	4762	126
900	64.0	14.0625	6.9	32.3	1614	303	227	152
900	63.0	14.28571429	6.9	32.3	1614	287	104	118
900	63.0	14.28571429	6.9	32.3	1614	258	194	121
900	63.0	14.28571429	6.9	32.3	1614	225	404	80
900	64.0	14.0625	6.9	32.3	1614	228	661	84
900	63.0	14.28571429	6.9	32.3	1614	225	37	78
900	66.0	13.63636364	6.9	32.3	1614	200	228	104
900	66.0	13.63636364	6.9	32.3	1614	197	34	65
900	59.0	15.25423729	6.9	32.3	1614	312	243	117
900	58.0	15.51724138	6.9	32.3	1614	258	138	74
900	59.0	15.25423729	6.9	32.3	1614	264	249	98
900	59.0	15.25423729	6.9	32.3	1614	250	70	115
900	60.0	15.0	6.9	32.3	1614	260	226	93
900	60.0	15.0	6.9	32.3	1614	221	361	71
900	60.0	15.0	6.9	32.3	1614	206	15	73
900	61.0	14.75409836	6.9	32.3	1614	234	1900	63
900	60.0	15.0	6.9	32.3	1614	205	276	75
300	41.0	7.317073171	6.9	32.3	1614	227	11	78
300	42.0	7.142857143	6.9	32.3	1614	266	46	86
300	39.0	7.692307692	6.9	32.3	1614	237	34	106
300	40.0	7.5	6.9	32.3	1614	223	3	91
300	40.0	7.5	6.9	32.3	1614	205	11	75
300	40.0	7.5	6.9	32.3	1614	202	1	68
300	38.0	7.894736842	6.9	32.3	1614	207	181	88
300	43.0	6.976744186	6.9	32.3	1614	197	71	71
300	38.0	7.894736842	6.9	32.3	1614	176	16	54
300	38.0	7.894736842	6.9	32.3	1614	192	3	77
900	108.0	8.333333333	6.9	32.3	1614	308	161	131
900	107.0	8.411214953	6.9	32.3	1614	279	415	144
900	105.0	8.571428571	6.9	32.3	1614	295	121	135
900	105.0	8.571428571	6.9	32.3	1614	303	105	147
900	104.0	8.653846154	6.9	32.3	1614	268	25	115
900	107.0	8.411214953	6.9	32.3	1614	293	201	122
900	107.0	8.411214953	6.9	32.3	1614	194	72	76
900	107.0	8.411214953	6.9	32.3	1614	204	5	73
900	108.0	8.333333333	6.9	32.3	1614	191	81	99
900	108.0	8.333333333	6.9	32.3	1614	212	282	72
900	93.0	9.677419355	6.9	32.3	1614	323	47	157
900	93.0	9.677419355	6.9	32.3	1614	305	201	108
900	95.0	9.473684211	6.9	32.3	1614	290	24	115
900	96.0	9.375	6.9	32.3	1614	262	17	94
900	96.0	9.375	6.9	32.3	1614	191	77	87
900	108.0	8.333333333	6.9	32.3	1614	188	1	73
900	107.0	8.411214953	6.9	32.3	1614	203	5	45
